<toolSet name="External Tools">
  <tool name="Rubocop" description="run rubocop" showInMainMenu="false" showInEditor="false" showInProject="false" showInSearchPopup="false" disabled="false" useConsole="true" showConsoleOnStdOut="false" showConsoleOnStdErr="false" synchronizeAfterRun="true">
    <exec>
      <option name="COMMAND" value="/bin/zsh" />
      <option name="PARAMETERS" value="-ic &quot;$ProjectFileDir$/bin/rubocop --auto-correct $FilePath$&quot;" />
      <option name="WORKING_DIRECTORY" value="$ProjectFileDir$" />
    </exec>
  </tool>
  <tool name="Pry" description="run pry" showInMainMenu="false" showInEditor="false" showInProject="false" showInSearchPopup="false" disabled="false" useConsole="true" showConsoleOnStdOut="false" showConsoleOnStdErr="false" synchronizeAfterRun="false">
    <exec>
      <option name="COMMAND" value="/bin/zsh" />
      <option name="PARAMETERS" value="-ic &quot;$ProjectFileDir$/bin/rails c&quot;" />
      <option name="WORKING_DIRECTORY" value="$ProjectFileDir$" />
    </exec>
  </tool>
</toolSet>