<keymap version="1" name="macOS copy" parent="Mac OS X 10.5+">
  <action id="$Cut">
    <keyboard-shortcut first-keystroke="meta x" />
  </action>
  <action id="ActivateTerminalToolWindow">
    <keyboard-shortcut first-keystroke="alt x" />
  </action>
  <action id="CIDR.Debugger.ShowInMemoryView" />
  <action id="Console.Execute.Multiline" />
  <action id="Console.History.Browse" />
  <action id="Console.Jdbc.BrowseHistory" />
  <action id="Console.SplitLine" />
  <action id="Console.TableResult.Submit" />
  <action id="DirDiffMenu.SynchronizeDiff.All" />
  <action id="DuplicatesForm.SendToLeft" />
  <action id="Editor Cut">
    <keyboard-shortcut first-keystroke="meta x" />
  </action>
  <action id="EditorSplitLine" />
  <action id="FileChooser.GotoHome" />
  <action id="FileChooser.TogglePathShowing" />
  <action id="GotoChangedFile" />
  <action id="GotoFile">
    <keyboard-shortcut first-keystroke="meta t" />
  </action>
  <action id="GotoLine" />
  <action id="GotoRow" />
  <action id="InsertLiveTemplate" />
  <action id="IntroduceVariable" />
  <action id="MoveTabRight">
    <keyboard-shortcut first-keystroke="shift meta s" />
  </action>
  <action id="NextSplitter">
    <keyboard-shortcut first-keystroke="meta l" />
  </action>
  <action id="OpenInRightSplit" />
  <action id="ParameterInfo" />
  <action id="PerforceDirect.Edit" />
  <action id="PrevSplitter">
    <keyboard-shortcut first-keystroke="meta h" />
  </action>
  <action id="RecentLocations" />
  <action id="SaveAll" />
  <action id="SaveDocument">
    <keyboard-shortcut first-keystroke="meta s" />
  </action>
  <action id="SearchEverywhere">
    <keyboard-shortcut first-keystroke="meta p" />
  </action>
  <action id="SelectInProjectView">
    <keyboard-shortcut first-keystroke="meta enter" />
  </action>
  <action id="Terminal.ClearBuffer">
    <keyboard-shortcut first-keystroke="meta k" />
  </action>
  <action id="Terminal.SmartCommandExecution.Run" />
  <action id="Tool_External Tools_Pry">
    <keyboard-shortcut first-keystroke="shift meta y" />
  </action>
  <action id="Tool_External Tools_Rubocop">
    <keyboard-shortcut first-keystroke="shift meta e" />
  </action>
  <action id="Tool_External Tools_Rubocop -test">
    <keyboard-shortcut first-keystroke="shift meta p" />
  </action>
  <action id="UsageView.Remove">
    <keyboard-shortcut first-keystroke="shift delete" />
  </action>
  <action id="Vcs.Log.FocusTextFilter" />
  <action id="Vcs.UpdateProject" />
  <action id="ViewSource" />
  <action id="VimPluginToggle">
    <keyboard-shortcut first-keystroke="meta alt v" />
  </action>
  <action id="org.intellij.plugins.markdown.ui.actions.editorLayout.CyclicSplitLayoutChangeAction" />
</keymap>