<keymap version="1" name="macOS copy" parent="Mac OS X 10.5+">
  <action id="$Cut">
    <keyboard-shortcut first-keystroke="shift delete" />
  </action>
  <action id="ActivateTerminalToolWindow">
    <keyboard-shortcut first-keystroke="alt f12" />
    <keyboard-shortcut first-keystroke="meta x" />
  </action>
  <action id="CIDR.Debugger.ShowInMemoryView" />
  <action id="Console.Execute.Multiline" />
  <action id="Console.History.Browse" />
  <action id="Console.Jdbc.BrowseHistory" />
  <action id="Console.SplitLine" />
  <action id="Console.TableResult.Submit" />
  <action id="DirDiffMenu.SynchronizeDiff.All" />
  <action id="DuplicatesForm.SendToLeft" />
  <action id="EditorCut">
    <keyboard-shortcut first-keystroke="shift delete" />
  </action>
  <action id="EditorSplitLine" />
  <action id="FileChooser.GotoHome" />
  <action id="IntroduceVariable" />
  <action id="MoveTabRight">
    <keyboard-shortcut first-keystroke="meta s" />
  </action>
  <action id="PerforceDirect.Edit" />
  <action id="SaveAll" />
  <action id="SelectInProjectView">
    <keyboard-shortcut first-keystroke="meta enter" />
  </action>
  <action id="Terminal.SmartCommandExecution.Run" />
  <action id="Tool_External Tools_Pry">
    <keyboard-shortcut first-keystroke="shift meta y" />
  </action>
  <action id="Tool_External Tools_Rubocop">
    <keyboard-shortcut first-keystroke="shift meta p" />
  </action>
  <action id="Tool_External Tools_Rubocop -test">
    <keyboard-shortcut first-keystroke="shift meta p" />
  </action>
  <action id="UsageView.Remove">
    <keyboard-shortcut first-keystroke="shift delete" />
  </action>
  <action id="ViewSource" />
  <action id="VimPluginToggle">
    <keyboard-shortcut first-keystroke="meta alt v" />
  </action>
</keymap>